<metadata xml:lang="en"><Esri><CreaDate>20240621</CreaDate><CreaTime>11024100</CreaTime><ArcGISFormat>1.0</ArcGISFormat><SyncOnce>FALSE</SyncOnce><DataProperties><lineage><Process ToolSource="c:\program files\arcgis\pro\Resources\ArcToolbox\toolboxes\Data Management Tools.tbx\UpdateSchema" Date="20240621" Time="110241">UpdateSchema "CIMDATA=&lt;CIMStandardDataConnection xsi:type='typens:CIMStandardDataConnection' xmlns:xsi='http://www.w3.org/2001/XMLSchema-instance' xmlns:xs='http://www.w3.org/2001/XMLSchema' xmlns:typens='http://www.esri.com/schemas/ArcGIS/3.2.0'&gt;&lt;WorkspaceConnectionString&gt;DATABASE=C:\Users\safja\OneDrive\Desktop\WAPOL Hackathon\Road_Network&lt;/WorkspaceConnectionString&gt;&lt;WorkspaceFactory&gt;Shapefile&lt;/WorkspaceFactory&gt;&lt;Dataset&gt;Road_Network&lt;/Dataset&gt;&lt;DatasetType&gt;esriDTFeatureClass&lt;/DatasetType&gt;&lt;/CIMStandardDataConnection&gt;" &lt;operationSequence&gt;&lt;workflow&gt;&lt;AddField&gt;&lt;field_name&gt;SpeedInt&lt;/field_name&gt;&lt;field_type&gt;LONG&lt;/field_type&gt;&lt;field_is_nullable&gt;False&lt;/field_is_nullable&gt;&lt;field_is_required&gt;False&lt;/field_is_required&gt;&lt;/AddField&gt;&lt;/workflow&gt;&lt;/operationSequence&gt;</Process><Process ToolSource="c:\program files\arcgis\pro\Resources\ArcToolbox\toolboxes\Conversion Tools.tbx\ExportFeatures" Date="20240621" Time="122703">ExportFeatures Road_Network_Join_Speed C:\Users\safja\OneDrive\Documents\ArcGIS\Projects\Hackathon\Hackathon.gdb\Road_Network_Join_Speed_ExportFeatures # NOT_USE_ALIAS "START_NODE "START_NODE" true true false 6 Text 0 0,First,#,Road_Network_Join_Speed,Road_Network.START_NODE,0,5,Road_Network_Join_Speed,Road_Network.START_NODE,0,5;START_NO_1 "START_NO_1" true true false 253 Text 0 0,First,#,Road_Network_Join_Speed,Road_Network.START_NO_1,0,252,Road_Network_Join_Speed,Road_Network.START_NO_1,0,252;END_NODE_N "END_NODE_N" true true false 6 Text 0 0,First,#,Road_Network_Join_Speed,Road_Network.END_NODE_N,0,5,Road_Network_Join_Speed,Road_Network.END_NODE_N,0,5;END_NODE_1 "END_NODE_1" true true false 253 Text 0 0,First,#,Road_Network_Join_Speed,Road_Network.END_NODE_1,0,252,Road_Network_Join_Speed,Road_Network.END_NODE_1,0,252;DATUM_NE_I "DATUM_NE_I" true true false 9 Long 0 9,First,#,Road_Network_Join_Speed,Road_Network.DATUM_NE_I,-1,-1,Road_Network_Join_Speed,Road_Network.DATUM_NE_I,-1,-1;NM_BEGIN_M "NM_BEGIN_M" true true false 5 Long 0 5,First,#,Road_Network_Join_Speed,Road_Network.NM_BEGIN_M,-1,-1,Road_Network_Join_Speed,Road_Network.NM_BEGIN_M,-1,-1;NM_END_MP "NM_END_MP" true true false 6 Long 0 6,First,#,Road_Network_Join_Speed,Road_Network.NM_END_MP,-1,-1,Road_Network_Join_Speed,Road_Network.NM_END_MP,-1,-1;NETWORK_EL "NETWORK_EL" true true false 14 Text 0 0,First,#,Road_Network_Join_Speed,Road_Network.NETWORK_EL,0,13,Road_Network_Join_Speed,Road_Network.NETWORK_EL,0,13;OBJECTID_1 "OBJECTID_1" false true false 4 Long 0 9,First,#,Road_Network_Join_Speed,Road_Network_AddSpatialJoin.OBJECTID_1,-1,-1,Road_Network_Join_Speed,Road_Network_AddSpatialJoin.OBJECTID_1,-1,-1;Join_Count "Join_Count" true true false 4 Long 0 0,First,#,Road_Network_Join_Speed,Road_Network_AddSpatialJoin.Join_Count,-1,-1,Road_Network_Join_Speed,Road_Network_AddSpatialJoin.Join_Count,-1,-1;TARGET_FID "TARGET_FID" true true false 4 Long 0 0,First,#,Road_Network_Join_Speed,Road_Network_AddSpatialJoin.TARGET_FID,-1,-1,Road_Network_Join_Speed,Road_Network_AddSpatialJoin.TARGET_FID,-1,-1;OBJECTID "OBJECTID" true true false 4 Long 0 0,First,#,Road_Network_Join_Speed,Road_Network_AddSpatialJoin.OBJECTID,-1,-1,Road_Network_Join_Speed,Road_Network_AddSpatialJoin.OBJECTID,-1,-1;ROAD "ROAD" true true false 7 Text 0 0,First,#,Road_Network_Join_Speed,Road_Network_AddSpatialJoin.ROAD,0,6,Road_Network_Join_Speed,Road_Network_AddSpatialJoin.ROAD,0,6;ROAD_NAME "ROAD_NAME" true true false 69 Text 0 0,First,#,Road_Network_Join_Speed,Road_Network_AddSpatialJoin.ROAD_NAME,0,68,Road_Network_Join_Speed,Road_Network_AddSpatialJoin.ROAD_NAME,0,68;COMMON_USA "COMMON_USA" true true false 69 Text 0 0,First,#,Road_Network_Join_Speed,Road_Network_AddSpatialJoin.COMMON_USA,0,68,Road_Network_Join_Speed,Road_Network_AddSpatialJoin.COMMON_USA,0,68;START_SLK "START_SLK" true true false 8 Double 0 0,First,#,Road_Network_Join_Speed,Road_Network_AddSpatialJoin.START_SLK,-1,-1,Road_Network_Join_Speed,Road_Network_AddSpatialJoin.START_SLK,-1,-1;END_SLK "END_SLK" true true false 8 Double 0 0,First,#,Road_Network_Join_Speed,Road_Network_AddSpatialJoin.END_SLK,-1,-1,Road_Network_Join_Speed,Road_Network_AddSpatialJoin.END_SLK,-1,-1;CWY "CWY" true true false 6 Text 0 0,First,#,Road_Network_Join_Speed,Road_Network_AddSpatialJoin.CWY,0,5,Road_Network_Join_Speed,Road_Network_AddSpatialJoin.CWY,0,5;START_TRUE "START_TRUE" true true false 8 Double 0 0,First,#,Road_Network_Join_Speed,Road_Network_AddSpatialJoin.START_TRUE,-1,-1,Road_Network_Join_Speed,Road_Network_AddSpatialJoin.START_TRUE,-1,-1;END_TRUE_D "END_TRUE_D" true true false 8 Double 0 0,First,#,Road_Network_Join_Speed,Road_Network_AddSpatialJoin.END_TRUE_D,-1,-1,Road_Network_Join_Speed,Road_Network_AddSpatialJoin.END_TRUE_D,-1,-1;NETWORK_TY "NETWORK_TY" true true false 10 Text 0 0,First,#,Road_Network_Join_Speed,Road_Network_AddSpatialJoin.NETWORK_TY,0,9,Road_Network_Join_Speed,Road_Network_AddSpatialJoin.NETWORK_TY,0,9;RA_NO "RA_NO" true true false 2 Text 0 0,First,#,Road_Network_Join_Speed,Road_Network_AddSpatialJoin.RA_NO,0,1,Road_Network_Join_Speed,Road_Network_AddSpatialJoin.RA_NO,0,1;RA_NAME "RA_NAME" true true false 22 Text 0 0,First,#,Road_Network_Join_Speed,Road_Network_AddSpatialJoin.RA_NAME,0,21,Road_Network_Join_Speed,Road_Network_AddSpatialJoin.RA_NAME,0,21;LG_NO "LG_NO" true true false 3 Text 0 0,First,#,Road_Network_Join_Speed,Road_Network_AddSpatialJoin.LG_NO,0,2,Road_Network_Join_Speed,Road_Network_AddSpatialJoin.LG_NO,0,2;LG_NAME "LG_NAME" true true false 24 Text 0 0,First,#,Road_Network_Join_Speed,Road_Network_AddSpatialJoin.LG_NAME,0,23,Road_Network_Join_Speed,Road_Network_AddSpatialJoin.LG_NAME,0,23;SPEED_LIMI "SPEED_LIMI" true true false 66 Text 0 0,First,#,Road_Network_Join_Speed,Road_Network_AddSpatialJoin.SPEED_LIMI,0,65,Road_Network_Join_Speed,Road_Network_AddSpatialJoin.SPEED_LIMI,0,65;ROUTE_NE_I "ROUTE_NE_I" true true false 4 Long 0 0,First,#,Road_Network_Join_Speed,Road_Network_AddSpatialJoin.ROUTE_NE_I,-1,-1,Road_Network_Join_Speed,Road_Network_AddSpatialJoin.ROUTE_NE_I,-1,-1;GEOLOCSTLe "GEOLOCSTLe" true true false 8 Double 0 0,First,#,Road_Network_Join_Speed,Road_Network_AddSpatialJoin.GEOLOCSTLe,-1,-1,Road_Network_Join_Speed,Road_Network_AddSpatialJoin.GEOLOCSTLe,-1,-1;Shape_Length "Shape_Length" false true true 8 Double 0 0,First,#,Road_Network_Join_Speed,Road_Network_AddSpatialJoin.Shape_Length,-1,-1,Road_Network_Join_Speed,Road_Network_AddSpatialJoin.Shape_Length,-1,-1;SpeedInt "SpeedInt" true true false 10 Long 0 10,First,#,Road_Network_Join_Speed,Road_Network.SpeedInt,-1,-1,Road_Network_Join_Speed,Road_Network.SpeedInt,-1,-1;OBJECTID "OBJECTID" true true false 8 Long 0 8,First,#,Road_Network_Join_Speed,Road_Network.OBJECTID,-1,-1,Road_Network_Join_Speed,Road_Network.OBJECTID,-1,-1;ROAD "ROAD" true true false 9 Text 0 0,First,#,Road_Network_Join_Speed,Road_Network.ROAD,0,8,Road_Network_Join_Speed,Road_Network.ROAD,0,8;ROAD_NAME "ROAD_NAME" true true false 80 Text 0 0,First,#,Road_Network_Join_Speed,Road_Network.ROAD_NAME,0,79,Road_Network_Join_Speed,Road_Network.ROAD_NAME,0,79;COMMON_USA "COMMON_USA" true true false 80 Text 0 0,First,#,Road_Network_Join_Speed,Road_Network.COMMON_USA,0,79,Road_Network_Join_Speed,Road_Network.COMMON_USA,0,79;START_SLK "START_SLK" true true false 24 Double 15 23,First,#,Road_Network_Join_Speed,Road_Network.START_SLK,-1,-1,Road_Network_Join_Speed,Road_Network.START_SLK,-1,-1;END_SLK "END_SLK" true true false 24 Double 15 23,First,#,Road_Network_Join_Speed,Road_Network.END_SLK,-1,-1,Road_Network_Join_Speed,Road_Network.END_SLK,-1,-1;CWY "CWY" true true false 6 Text 0 0,First,#,Road_Network_Join_Speed,Road_Network.CWY,0,5,Road_Network_Join_Speed,Road_Network.CWY,0,5;START_TRUE "START_TRUE" true true false 24 Double 15 23,First,#,Road_Network_Join_Speed,Road_Network.START_TRUE,-1,-1,Road_Network_Join_Speed,Road_Network.START_TRUE,-1,-1;END_TRUE_D "END_TRUE_D" true true false 24 Double 15 23,First,#,Road_Network_Join_Speed,Road_Network.END_TRUE_D,-1,-1,Road_Network_Join_Speed,Road_Network.END_TRUE_D,-1,-1;NETWORK_TY "NETWORK_TY" true true false 26 Text 0 0,First,#,Road_Network_Join_Speed,Road_Network.NETWORK_TY,0,25,Road_Network_Join_Speed,Road_Network.NETWORK_TY,0,25;RA_NO "RA_NO" true true false 2 Text 0 0,First,#,Road_Network_Join_Speed,Road_Network.RA_NO,0,1,Road_Network_Join_Speed,Road_Network.RA_NO,0,1;RA_NAME "RA_NAME" true true false 22 Text 0 0,First,#,Road_Network_Join_Speed,Road_Network.RA_NAME,0,21,Road_Network_Join_Speed,Road_Network.RA_NAME,0,21;LG_NO "LG_NO" true true false 3 Text 0 0,First,#,Road_Network_Join_Speed,Road_Network.LG_NO,0,2,Road_Network_Join_Speed,Road_Network.LG_NO,0,2;LG_NAME "LG_NAME" true true false 24 Text 0 0,First,#,Road_Network_Join_Speed,Road_Network.LG_NAME,0,23,Road_Network_Join_Speed,Road_Network.LG_NAME,0,23;ROUTE_NE_I "ROUTE_NE_I" true true false 9 Long 0 9,First,#,Road_Network_Join_Speed,Road_Network.ROUTE_NE_I,-1,-1,Road_Network_Join_Speed,Road_Network.ROUTE_NE_I,-1,-1;GEOLOCSTLe "GEOLOCSTLe" true true false 24 Double 15 23,First,#,Road_Network_Join_Speed,Road_Network.GEOLOCSTLe,-1,-1,Road_Network_Join_Speed,Road_Network.GEOLOCSTLe,-1,-1" #</Process><Process ToolSource="c:\program files\arcgis\pro\Resources\ArcToolbox\toolboxes\Conversion Tools.tbx\ExportFeatures" Date="20240621" Time="122909">ExportFeatures C:\Users\safja\OneDrive\Documents\ArcGIS\Projects\Hackathon\Hackathon.gdb\Road_Network_Join_Speed_ExportFeatures C:\Users\safja\OneDrive\Documents\ArcGIS\Projects\Road_Speed_SJoin.shp # NOT_USE_ALIAS "START_NODE "START_NODE" true true false 6 Text 0 0,First,#,C:\Users\safja\OneDrive\Documents\ArcGIS\Projects\Hackathon\Hackathon.gdb\Road_Network_Join_Speed_ExportFeatures,START_NODE,0,5;START_NO_1 "START_NO_1" true true false 253 Text 0 0,First,#,C:\Users\safja\OneDrive\Documents\ArcGIS\Projects\Hackathon\Hackathon.gdb\Road_Network_Join_Speed_ExportFeatures,START_NO_1,0,252;END_NODE_N "END_NODE_N" true true false 6 Text 0 0,First,#,C:\Users\safja\OneDrive\Documents\ArcGIS\Projects\Hackathon\Hackathon.gdb\Road_Network_Join_Speed_ExportFeatures,END_NODE_N,0,5;END_NODE_1 "END_NODE_1" true true false 253 Text 0 0,First,#,C:\Users\safja\OneDrive\Documents\ArcGIS\Projects\Hackathon\Hackathon.gdb\Road_Network_Join_Speed_ExportFeatures,END_NODE_1,0,252;DATUM_NE_I "DATUM_NE_I" true true false 4 Long 0 0,First,#,C:\Users\safja\OneDrive\Documents\ArcGIS\Projects\Hackathon\Hackathon.gdb\Road_Network_Join_Speed_ExportFeatures,DATUM_NE_I,-1,-1;NM_BEGIN_M "NM_BEGIN_M" true true false 4 Long 0 0,First,#,C:\Users\safja\OneDrive\Documents\ArcGIS\Projects\Hackathon\Hackathon.gdb\Road_Network_Join_Speed_ExportFeatures,NM_BEGIN_M,-1,-1;NM_END_MP "NM_END_MP" true true false 4 Long 0 0,First,#,C:\Users\safja\OneDrive\Documents\ArcGIS\Projects\Hackathon\Hackathon.gdb\Road_Network_Join_Speed_ExportFeatures,NM_END_MP,-1,-1;NETWORK_EL "NETWORK_EL" true true false 14 Text 0 0,First,#,C:\Users\safja\OneDrive\Documents\ArcGIS\Projects\Hackathon\Hackathon.gdb\Road_Network_Join_Speed_ExportFeatures,NETWORK_EL,0,13;OBJECTID_1 "OBJECTID_1" true true false 4 Long 0 0,First,#,C:\Users\safja\OneDrive\Documents\ArcGIS\Projects\Hackathon\Hackathon.gdb\Road_Network_Join_Speed_ExportFeatures,OBJECTID_1,-1,-1;Join_Count "Join_Count" true true false 4 Long 0 0,First,#,C:\Users\safja\OneDrive\Documents\ArcGIS\Projects\Hackathon\Hackathon.gdb\Road_Network_Join_Speed_ExportFeatures,Join_Count,-1,-1;TARGET_FID "TARGET_FID" true true false 4 Long 0 0,First,#,C:\Users\safja\OneDrive\Documents\ArcGIS\Projects\Hackathon\Hackathon.gdb\Road_Network_Join_Speed_ExportFeatures,TARGET_FID,-1,-1;OBJECTID "OBJECTID" true true false 4 Long 0 0,First,#,C:\Users\safja\OneDrive\Documents\ArcGIS\Projects\Hackathon\Hackathon.gdb\Road_Network_Join_Speed_ExportFeatures,OBJECTID,-1,-1;ROAD "ROAD" true true false 7 Text 0 0,First,#,C:\Users\safja\OneDrive\Documents\ArcGIS\Projects\Hackathon\Hackathon.gdb\Road_Network_Join_Speed_ExportFeatures,ROAD,0,6;ROAD_NAME "ROAD_NAME" true true false 69 Text 0 0,First,#,C:\Users\safja\OneDrive\Documents\ArcGIS\Projects\Hackathon\Hackathon.gdb\Road_Network_Join_Speed_ExportFeatures,ROAD_NAME,0,68;COMMON_USA "COMMON_USA" true true false 69 Text 0 0,First,#,C:\Users\safja\OneDrive\Documents\ArcGIS\Projects\Hackathon\Hackathon.gdb\Road_Network_Join_Speed_ExportFeatures,COMMON_USA,0,68;START_SLK "START_SLK" true true false 8 Double 0 0,First,#,C:\Users\safja\OneDrive\Documents\ArcGIS\Projects\Hackathon\Hackathon.gdb\Road_Network_Join_Speed_ExportFeatures,START_SLK,-1,-1;END_SLK "END_SLK" true true false 8 Double 0 0,First,#,C:\Users\safja\OneDrive\Documents\ArcGIS\Projects\Hackathon\Hackathon.gdb\Road_Network_Join_Speed_ExportFeatures,END_SLK,-1,-1;CWY "CWY" true true false 6 Text 0 0,First,#,C:\Users\safja\OneDrive\Documents\ArcGIS\Projects\Hackathon\Hackathon.gdb\Road_Network_Join_Speed_ExportFeatures,CWY,0,5;START_TRUE "START_TRUE" true true false 8 Double 0 0,First,#,C:\Users\safja\OneDrive\Documents\ArcGIS\Projects\Hackathon\Hackathon.gdb\Road_Network_Join_Speed_ExportFeatures,START_TRUE,-1,-1;END_TRUE_D "END_TRUE_D" true true false 8 Double 0 0,First,#,C:\Users\safja\OneDrive\Documents\ArcGIS\Projects\Hackathon\Hackathon.gdb\Road_Network_Join_Speed_ExportFeatures,END_TRUE_D,-1,-1;NETWORK_TY "NETWORK_TY" true true false 10 Text 0 0,First,#,C:\Users\safja\OneDrive\Documents\ArcGIS\Projects\Hackathon\Hackathon.gdb\Road_Network_Join_Speed_ExportFeatures,NETWORK_TY,0,9;RA_NO "RA_NO" true true false 2 Text 0 0,First,#,C:\Users\safja\OneDrive\Documents\ArcGIS\Projects\Hackathon\Hackathon.gdb\Road_Network_Join_Speed_ExportFeatures,RA_NO,0,1;RA_NAME "RA_NAME" true true false 22 Text 0 0,First,#,C:\Users\safja\OneDrive\Documents\ArcGIS\Projects\Hackathon\Hackathon.gdb\Road_Network_Join_Speed_ExportFeatures,RA_NAME,0,21;LG_NO "LG_NO" true true false 3 Text 0 0,First,#,C:\Users\safja\OneDrive\Documents\ArcGIS\Projects\Hackathon\Hackathon.gdb\Road_Network_Join_Speed_ExportFeatures,LG_NO,0,2;LG_NAME "LG_NAME" true true false 24 Text 0 0,First,#,C:\Users\safja\OneDrive\Documents\ArcGIS\Projects\Hackathon\Hackathon.gdb\Road_Network_Join_Speed_ExportFeatures,LG_NAME,0,23;SPEED_LIMI "SPEED_LIMI" true true false 66 Text 0 0,First,#,C:\Users\safja\OneDrive\Documents\ArcGIS\Projects\Hackathon\Hackathon.gdb\Road_Network_Join_Speed_ExportFeatures,SPEED_LIMI,0,65;ROUTE_NE_I "ROUTE_NE_I" true true false 4 Long 0 0,First,#,C:\Users\safja\OneDrive\Documents\ArcGIS\Projects\Hackathon\Hackathon.gdb\Road_Network_Join_Speed_ExportFeatures,ROUTE_NE_I,-1,-1;GEOLOCSTLe "GEOLOCSTLe" true true false 8 Double 0 0,First,#,C:\Users\safja\OneDrive\Documents\ArcGIS\Projects\Hackathon\Hackathon.gdb\Road_Network_Join_Speed_ExportFeatures,GEOLOCSTLe,-1,-1;SpeedInt "SpeedInt" true true false 4 Long 0 0,First,#,C:\Users\safja\OneDrive\Documents\ArcGIS\Projects\Hackathon\Hackathon.gdb\Road_Network_Join_Speed_ExportFeatures,SpeedInt,-1,-1;OBJECTID_12 "OBJECTID" true true false 4 Long 0 0,First,#,C:\Users\safja\OneDrive\Documents\ArcGIS\Projects\Hackathon\Hackathon.gdb\Road_Network_Join_Speed_ExportFeatures,OBJECTID_12,-1,-1;ROAD_1 "ROAD" true true false 9 Text 0 0,First,#,C:\Users\safja\OneDrive\Documents\ArcGIS\Projects\Hackathon\Hackathon.gdb\Road_Network_Join_Speed_ExportFeatures,ROAD_1,0,8;ROAD_NAME_1 "ROAD_NAME" true true false 80 Text 0 0,First,#,C:\Users\safja\OneDrive\Documents\ArcGIS\Projects\Hackathon\Hackathon.gdb\Road_Network_Join_Speed_ExportFeatures,ROAD_NAME_1,0,79;COMMON_USA_1 "COMMON_USA" true true false 80 Text 0 0,First,#,C:\Users\safja\OneDrive\Documents\ArcGIS\Projects\Hackathon\Hackathon.gdb\Road_Network_Join_Speed_ExportFeatures,COMMON_USA_1,0,79;START_SLK_1 "START_SLK" true true false 8 Double 0 0,First,#,C:\Users\safja\OneDrive\Documents\ArcGIS\Projects\Hackathon\Hackathon.gdb\Road_Network_Join_Speed_ExportFeatures,START_SLK_1,-1,-1;END_SLK_1 "END_SLK" true true false 8 Double 0 0,First,#,C:\Users\safja\OneDrive\Documents\ArcGIS\Projects\Hackathon\Hackathon.gdb\Road_Network_Join_Speed_ExportFeatures,END_SLK_1,-1,-1;CWY_1 "CWY" true true false 6 Text 0 0,First,#,C:\Users\safja\OneDrive\Documents\ArcGIS\Projects\Hackathon\Hackathon.gdb\Road_Network_Join_Speed_ExportFeatures,CWY_1,0,5;START_TRUE_1 "START_TRUE" true true false 8 Double 0 0,First,#,C:\Users\safja\OneDrive\Documents\ArcGIS\Projects\Hackathon\Hackathon.gdb\Road_Network_Join_Speed_ExportFeatures,START_TRUE_1,-1,-1;END_TRUE_D_1 "END_TRUE_D" true true false 8 Double 0 0,First,#,C:\Users\safja\OneDrive\Documents\ArcGIS\Projects\Hackathon\Hackathon.gdb\Road_Network_Join_Speed_ExportFeatures,END_TRUE_D_1,-1,-1;NETWORK_TY_1 "NETWORK_TY" true true false 26 Text 0 0,First,#,C:\Users\safja\OneDrive\Documents\ArcGIS\Projects\Hackathon\Hackathon.gdb\Road_Network_Join_Speed_ExportFeatures,NETWORK_TY_1,0,25;RA_NO_1 "RA_NO" true true false 2 Text 0 0,First,#,C:\Users\safja\OneDrive\Documents\ArcGIS\Projects\Hackathon\Hackathon.gdb\Road_Network_Join_Speed_ExportFeatures,RA_NO_1,0,1;RA_NAME_1 "RA_NAME" true true false 22 Text 0 0,First,#,C:\Users\safja\OneDrive\Documents\ArcGIS\Projects\Hackathon\Hackathon.gdb\Road_Network_Join_Speed_ExportFeatures,RA_NAME_1,0,21;LG_NO_1 "LG_NO" true true false 3 Text 0 0,First,#,C:\Users\safja\OneDrive\Documents\ArcGIS\Projects\Hackathon\Hackathon.gdb\Road_Network_Join_Speed_ExportFeatures,LG_NO_1,0,2;LG_NAME_1 "LG_NAME" true true false 24 Text 0 0,First,#,C:\Users\safja\OneDrive\Documents\ArcGIS\Projects\Hackathon\Hackathon.gdb\Road_Network_Join_Speed_ExportFeatures,LG_NAME_1,0,23;ROUTE_NE_I_1 "ROUTE_NE_I" true true false 4 Long 0 0,First,#,C:\Users\safja\OneDrive\Documents\ArcGIS\Projects\Hackathon\Hackathon.gdb\Road_Network_Join_Speed_ExportFeatures,ROUTE_NE_I_1,-1,-1;GEOLOCSTLe_1 "GEOLOCSTLe" true true false 8 Double 0 0,First,#,C:\Users\safja\OneDrive\Documents\ArcGIS\Projects\Hackathon\Hackathon.gdb\Road_Network_Join_Speed_ExportFeatures,GEOLOCSTLe_1,-1,-1;Shape_Length "Shape_Length" false true true 8 Double 0 0,First,#,C:\Users\safja\OneDrive\Documents\ArcGIS\Projects\Hackathon\Hackathon.gdb\Road_Network_Join_Speed_ExportFeatures,Shape_Length,-1,-1" #</Process></lineage><itemProps><itemName Sync="TRUE">Road_Speed_SJoin</itemName><imsContentType Sync="TRUE">002</imsContentType><itemLocation><linkage Sync="TRUE">file://\\ALPHAZERO\C$\Users\safja\OneDrive\Documents\ArcGIS\Projects\Road_Speed_SJoin.shp</linkage><protocol Sync="TRUE">Local Area Network</protocol></itemLocation><itemSize Sync="TRUE">0.000</itemSize></itemProps><coordRef><type Sync="TRUE">Geographic</type><geogcsn Sync="TRUE">GCS_WGS_1984</geogcsn><csUnits Sync="TRUE">Angular Unit: Degree (0.017453)</csUnits><peXml Sync="TRUE">&lt;GeographicCoordinateSystem xsi:type='typens:GeographicCoordinateSystem' xmlns:xsi='http://www.w3.org/2001/XMLSchema-instance' xmlns:xs='http://www.w3.org/2001/XMLSchema' xmlns:typens='http://www.esri.com/schemas/ArcGIS/3.2.0'&gt;&lt;WKT&gt;GEOGCS[&amp;quot;GCS_WGS_1984&amp;quot;,DATUM[&amp;quot;D_WGS_1984&amp;quot;,SPHEROID[&amp;quot;WGS_1984&amp;quot;,6378137.0,298.257223563]],PRIMEM[&amp;quot;Greenwich&amp;quot;,0.0],UNIT[&amp;quot;Degree&amp;quot;,0.0174532925199433],AUTHORITY[&amp;quot;EPSG&amp;quot;,4326]]&lt;/WKT&gt;&lt;XOrigin&gt;-400&lt;/XOrigin&gt;&lt;YOrigin&gt;-400&lt;/YOrigin&gt;&lt;XYScale&gt;11258999068426.238&lt;/XYScale&gt;&lt;ZOrigin&gt;-100000&lt;/ZOrigin&gt;&lt;ZScale&gt;10000&lt;/ZScale&gt;&lt;MOrigin&gt;-100000&lt;/MOrigin&gt;&lt;MScale&gt;10000&lt;/MScale&gt;&lt;XYTolerance&gt;8.983152841195215e-09&lt;/XYTolerance&gt;&lt;ZTolerance&gt;0.001&lt;/ZTolerance&gt;&lt;MTolerance&gt;0.001&lt;/MTolerance&gt;&lt;HighPrecision&gt;true&lt;/HighPrecision&gt;&lt;LeftLongitude&gt;-180&lt;/LeftLongitude&gt;&lt;WKID&gt;4326&lt;/WKID&gt;&lt;LatestWKID&gt;4326&lt;/LatestWKID&gt;&lt;/GeographicCoordinateSystem&gt;</peXml></coordRef></DataProperties><SyncDate>20240621</SyncDate><SyncTime>12285700</SyncTime><ModDate>20240621</ModDate><ModTime>12285700</ModTime></Esri><dataIdInfo><envirDesc Sync="TRUE">Microsoft Windows 10 Version 10.0 (Build 22631) ; Esri ArcGIS 13.2.2.49743</envirDesc><dataLang><languageCode value="eng" Sync="TRUE"></languageCode><countryCode value="AUS" Sync="TRUE"></countryCode></dataLang><idCitation><resTitle Sync="TRUE">Road_Speed_SJoin</resTitle><presForm><PresFormCd value="005" Sync="TRUE"></PresFormCd></presForm></idCitation><spatRpType><SpatRepTypCd value="001" Sync="TRUE"></SpatRepTypCd></spatRpType></dataIdInfo><mdLang><languageCode value="eng" Sync="TRUE"></languageCode><countryCode value="AUS" Sync="TRUE"></countryCode></mdLang><distInfo><distFormat><formatName Sync="TRUE">Shapefile</formatName></distFormat><distTranOps><transSize Sync="TRUE">0.000</transSize></distTranOps></distInfo><mdHrLv><ScopeCd value="005" Sync="TRUE"></ScopeCd></mdHrLv><mdHrLvName Sync="TRUE">dataset</mdHrLvName><refSysInfo><RefSystem><refSysID><identCode code="4326" Sync="TRUE"></identCode><idCodeSpace Sync="TRUE">EPSG</idCodeSpace><idVersion Sync="TRUE">6.2(3.0.1)</idVersion></refSysID></RefSystem></refSysInfo><spatRepInfo><VectSpatRep><geometObjs Name="Road_Speed_SJoin"><geoObjTyp><GeoObjTypCd value="002" Sync="TRUE"></GeoObjTypCd></geoObjTyp><geoObjCnt Sync="TRUE">0</geoObjCnt></geometObjs><topLvl><TopoLevCd value="001" Sync="TRUE"></TopoLevCd></topLvl></VectSpatRep></spatRepInfo><spdoinfo><ptvctinf><esriterm Name="Road_Speed_SJoin"><efeatyp Sync="TRUE">Simple</efeatyp><efeageom code="3" Sync="TRUE"></efeageom><esritopo Sync="TRUE">FALSE</esritopo><efeacnt Sync="TRUE">0</efeacnt><spindex Sync="TRUE">FALSE</spindex><linrefer Sync="TRUE">FALSE</linrefer></esriterm></ptvctinf></spdoinfo><eainfo><detailed Name="Road_Speed_SJoin"><enttyp><enttypl Sync="TRUE">Road_Speed_SJoin</enttypl><enttypt Sync="TRUE">Feature Class</enttypt><enttypc Sync="TRUE">0</enttypc></enttyp><attr><attrlabl Sync="TRUE">FID</attrlabl><attalias Sync="TRUE">FID</attalias><attrtype Sync="TRUE">OID</attrtype><attwidth Sync="TRUE">4</attwidth><atprecis Sync="TRUE">0</atprecis><attscale Sync="TRUE">0</attscale><attrdef Sync="TRUE">Internal feature number.</attrdef><attrdefs Sync="TRUE">Esri</attrdefs><attrdomv><udom Sync="TRUE">Sequential unique whole numbers that are automatically generated.</udom></attrdomv></attr><attr><attrlabl Sync="TRUE">Shape</attrlabl><attalias Sync="TRUE">Shape</attalias><attrtype Sync="TRUE">Geometry</attrtype><attwidth Sync="TRUE">0</attwidth><atprecis Sync="TRUE">0</atprecis><attscale Sync="TRUE">0</attscale><attrdef Sync="TRUE">Feature geometry.</attrdef><attrdefs Sync="TRUE">Esri</attrdefs><attrdomv><udom Sync="TRUE">Coordinates defining the features.</udom></attrdomv></attr><attr><attrlabl Sync="TRUE">START_NODE</attrlabl><attalias Sync="TRUE">START_NODE</attalias><attrtype Sync="TRUE">String</attrtype><attwidth Sync="TRUE">6</attwidth><atprecis Sync="TRUE">0</atprecis><attscale Sync="TRUE">0</attscale></attr><attr><attrlabl Sync="TRUE">START_NO_1</attrlabl><attalias Sync="TRUE">START_NO_1</attalias><attrtype Sync="TRUE">String</attrtype><attwidth Sync="TRUE">253</attwidth><atprecis Sync="TRUE">0</atprecis><attscale Sync="TRUE">0</attscale></attr><attr><attrlabl Sync="TRUE">END_NODE_N</attrlabl><attalias Sync="TRUE">END_NODE_N</attalias><attrtype Sync="TRUE">String</attrtype><attwidth Sync="TRUE">6</attwidth><atprecis Sync="TRUE">0</atprecis><attscale Sync="TRUE">0</attscale></attr><attr><attrlabl Sync="TRUE">END_NODE_1</attrlabl><attalias Sync="TRUE">END_NODE_1</attalias><attrtype Sync="TRUE">String</attrtype><attwidth Sync="TRUE">253</attwidth><atprecis Sync="TRUE">0</atprecis><attscale Sync="TRUE">0</attscale></attr><attr><attrlabl Sync="TRUE">DATUM_NE_I</attrlabl><attalias Sync="TRUE">DATUM_NE_I</attalias><attrtype Sync="TRUE">Integer</attrtype><attwidth Sync="TRUE">10</attwidth><atprecis Sync="TRUE">10</atprecis><attscale Sync="TRUE">0</attscale></attr><attr><attrlabl Sync="TRUE">NM_BEGIN_M</attrlabl><attalias Sync="TRUE">NM_BEGIN_M</attalias><attrtype Sync="TRUE">Integer</attrtype><attwidth Sync="TRUE">10</attwidth><atprecis Sync="TRUE">10</atprecis><attscale Sync="TRUE">0</attscale></attr><attr><attrlabl Sync="TRUE">NM_END_MP</attrlabl><attalias Sync="TRUE">NM_END_MP</attalias><attrtype Sync="TRUE">Integer</attrtype><attwidth Sync="TRUE">10</attwidth><atprecis Sync="TRUE">10</atprecis><attscale Sync="TRUE">0</attscale></attr><attr><attrlabl Sync="TRUE">NETWORK_EL</attrlabl><attalias Sync="TRUE">NETWORK_EL</attalias><attrtype Sync="TRUE">String</attrtype><attwidth Sync="TRUE">14</attwidth><atprecis Sync="TRUE">0</atprecis><attscale Sync="TRUE">0</attscale></attr><attr><attrlabl Sync="TRUE">OBJECTID_1</attrlabl><attalias Sync="TRUE">OBJECTID_1</attalias><attrtype Sync="TRUE">Integer</attrtype><attwidth Sync="TRUE">10</attwidth><atprecis Sync="TRUE">10</atprecis><attscale Sync="TRUE">0</attscale></attr><attr><attrlabl Sync="TRUE">Join_Count</attrlabl><attalias Sync="TRUE">Join_Count</attalias><attrtype Sync="TRUE">Integer</attrtype><attwidth Sync="TRUE">10</attwidth><atprecis Sync="TRUE">10</atprecis><attscale Sync="TRUE">0</attscale></attr><attr><attrlabl Sync="TRUE">TARGET_FID</attrlabl><attalias Sync="TRUE">TARGET_FID</attalias><attrtype Sync="TRUE">Integer</attrtype><attwidth Sync="TRUE">10</attwidth><atprecis Sync="TRUE">10</atprecis><attscale Sync="TRUE">0</attscale></attr><attr><attrlabl Sync="TRUE">OBJECTID</attrlabl><attalias Sync="TRUE">OBJECTID</attalias><attrtype Sync="TRUE">Integer</attrtype><attwidth Sync="TRUE">10</attwidth><atprecis Sync="TRUE">10</atprecis><attscale Sync="TRUE">0</attscale></attr><attr><attrlabl Sync="TRUE">ROAD</attrlabl><attalias Sync="TRUE">ROAD</attalias><attrtype Sync="TRUE">String</attrtype><attwidth Sync="TRUE">7</attwidth><atprecis Sync="TRUE">0</atprecis><attscale Sync="TRUE">0</attscale></attr><attr><attrlabl Sync="TRUE">ROAD_NAME</attrlabl><attalias Sync="TRUE">ROAD_NAME</attalias><attrtype Sync="TRUE">String</attrtype><attwidth Sync="TRUE">69</attwidth><atprecis Sync="TRUE">0</atprecis><attscale Sync="TRUE">0</attscale></attr><attr><attrlabl Sync="TRUE">COMMON_USA</attrlabl><attalias Sync="TRUE">COMMON_USA</attalias><attrtype Sync="TRUE">String</attrtype><attwidth Sync="TRUE">69</attwidth><atprecis Sync="TRUE">0</atprecis><attscale Sync="TRUE">0</attscale></attr><attr><attrlabl Sync="TRUE">START_SLK</attrlabl><attalias Sync="TRUE">START_SLK</attalias><attrtype Sync="TRUE">Double</attrtype><attwidth Sync="TRUE">19</attwidth><atprecis Sync="TRUE">0</atprecis><attscale Sync="TRUE">0</attscale></attr><attr><attrlabl Sync="TRUE">END_SLK</attrlabl><attalias Sync="TRUE">END_SLK</attalias><attrtype Sync="TRUE">Double</attrtype><attwidth Sync="TRUE">19</attwidth><atprecis Sync="TRUE">0</atprecis><attscale Sync="TRUE">0</attscale></attr><attr><attrlabl Sync="TRUE">CWY</attrlabl><attalias Sync="TRUE">CWY</attalias><attrtype Sync="TRUE">String</attrtype><attwidth Sync="TRUE">6</attwidth><atprecis Sync="TRUE">0</atprecis><attscale Sync="TRUE">0</attscale></attr><attr><attrlabl Sync="TRUE">START_TRUE</attrlabl><attalias Sync="TRUE">START_TRUE</attalias><attrtype Sync="TRUE">Double</attrtype><attwidth Sync="TRUE">19</attwidth><atprecis Sync="TRUE">0</atprecis><attscale Sync="TRUE">0</attscale></attr><attr><attrlabl Sync="TRUE">END_TRUE_D</attrlabl><attalias Sync="TRUE">END_TRUE_D</attalias><attrtype Sync="TRUE">Double</attrtype><attwidth Sync="TRUE">19</attwidth><atprecis Sync="TRUE">0</atprecis><attscale Sync="TRUE">0</attscale></attr><attr><attrlabl Sync="TRUE">NETWORK_TY</attrlabl><attalias Sync="TRUE">NETWORK_TY</attalias><attrtype Sync="TRUE">String</attrtype><attwidth Sync="TRUE">10</attwidth><atprecis Sync="TRUE">0</atprecis><attscale Sync="TRUE">0</attscale></attr><attr><attrlabl Sync="TRUE">RA_NO</attrlabl><attalias Sync="TRUE">RA_NO</attalias><attrtype Sync="TRUE">String</attrtype><attwidth Sync="TRUE">2</attwidth><atprecis Sync="TRUE">0</atprecis><attscale Sync="TRUE">0</attscale></attr><attr><attrlabl Sync="TRUE">RA_NAME</attrlabl><attalias Sync="TRUE">RA_NAME</attalias><attrtype Sync="TRUE">String</attrtype><attwidth Sync="TRUE">22</attwidth><atprecis Sync="TRUE">0</atprecis><attscale Sync="TRUE">0</attscale></attr><attr><attrlabl Sync="TRUE">LG_NO</attrlabl><attalias Sync="TRUE">LG_NO</attalias><attrtype Sync="TRUE">String</attrtype><attwidth Sync="TRUE">3</attwidth><atprecis Sync="TRUE">0</atprecis><attscale Sync="TRUE">0</attscale></attr><attr><attrlabl Sync="TRUE">LG_NAME</attrlabl><attalias Sync="TRUE">LG_NAME</attalias><attrtype Sync="TRUE">String</attrtype><attwidth Sync="TRUE">24</attwidth><atprecis Sync="TRUE">0</atprecis><attscale Sync="TRUE">0</attscale></attr><attr><attrlabl Sync="TRUE">SPEED_LIMI</attrlabl><attalias Sync="TRUE">SPEED_LIMI</attalias><attrtype Sync="TRUE">String</attrtype><attwidth Sync="TRUE">66</attwidth><atprecis Sync="TRUE">0</atprecis><attscale Sync="TRUE">0</attscale></attr><attr><attrlabl Sync="TRUE">ROUTE_NE_I</attrlabl><attalias Sync="TRUE">ROUTE_NE_I</attalias><attrtype Sync="TRUE">Integer</attrtype><attwidth Sync="TRUE">10</attwidth><atprecis Sync="TRUE">10</atprecis><attscale Sync="TRUE">0</attscale></attr><attr><attrlabl Sync="TRUE">GEOLOCSTLe</attrlabl><attalias Sync="TRUE">GEOLOCSTLe</attalias><attrtype Sync="TRUE">Double</attrtype><attwidth Sync="TRUE">19</attwidth><atprecis Sync="TRUE">0</atprecis><attscale Sync="TRUE">0</attscale></attr><attr><attrlabl Sync="TRUE">SpeedInt</attrlabl><attalias Sync="TRUE">SpeedInt</attalias><attrtype Sync="TRUE">Integer</attrtype><attwidth Sync="TRUE">10</attwidth><atprecis Sync="TRUE">10</atprecis><attscale Sync="TRUE">0</attscale></attr><attr><attrlabl Sync="TRUE">OBJECTID_2</attrlabl><attalias Sync="TRUE">OBJECTID_2</attalias><attrtype Sync="TRUE">Integer</attrtype><attwidth Sync="TRUE">10</attwidth><atprecis Sync="TRUE">10</atprecis><attscale Sync="TRUE">0</attscale></attr><attr><attrlabl Sync="TRUE">ROAD_1</attrlabl><attalias Sync="TRUE">ROAD_1</attalias><attrtype Sync="TRUE">String</attrtype><attwidth Sync="TRUE">9</attwidth><atprecis Sync="TRUE">0</atprecis><attscale Sync="TRUE">0</attscale></attr><attr><attrlabl Sync="TRUE">ROAD_NAME_</attrlabl><attalias Sync="TRUE">ROAD_NAME_</attalias><attrtype Sync="TRUE">String</attrtype><attwidth Sync="TRUE">80</attwidth><atprecis Sync="TRUE">0</atprecis><attscale Sync="TRUE">0</attscale></attr><attr><attrlabl Sync="TRUE">COMMON_U_1</attrlabl><attalias Sync="TRUE">COMMON_U_1</attalias><attrtype Sync="TRUE">String</attrtype><attwidth Sync="TRUE">80</attwidth><atprecis Sync="TRUE">0</atprecis><attscale Sync="TRUE">0</attscale></attr><attr><attrlabl Sync="TRUE">START_SLK_</attrlabl><attalias Sync="TRUE">START_SLK_</attalias><attrtype Sync="TRUE">Double</attrtype><attwidth Sync="TRUE">19</attwidth><atprecis Sync="TRUE">0</atprecis><attscale Sync="TRUE">0</attscale></attr><attr><attrlabl Sync="TRUE">END_SLK_1</attrlabl><attalias Sync="TRUE">END_SLK_1</attalias><attrtype Sync="TRUE">Double</attrtype><attwidth Sync="TRUE">19</attwidth><atprecis Sync="TRUE">0</atprecis><attscale Sync="TRUE">0</attscale></attr><attr><attrlabl Sync="TRUE">CWY_1</attrlabl><attalias Sync="TRUE">CWY_1</attalias><attrtype Sync="TRUE">String</attrtype><attwidth Sync="TRUE">6</attwidth><atprecis Sync="TRUE">0</atprecis><attscale Sync="TRUE">0</attscale></attr><attr><attrlabl Sync="TRUE">START_TR_1</attrlabl><attalias Sync="TRUE">START_TR_1</attalias><attrtype Sync="TRUE">Double</attrtype><attwidth Sync="TRUE">19</attwidth><atprecis Sync="TRUE">0</atprecis><attscale Sync="TRUE">0</attscale></attr><attr><attrlabl Sync="TRUE">END_TRUE_1</attrlabl><attalias Sync="TRUE">END_TRUE_1</attalias><attrtype Sync="TRUE">Double</attrtype><attwidth Sync="TRUE">19</attwidth><atprecis Sync="TRUE">0</atprecis><attscale Sync="TRUE">0</attscale></attr><attr><attrlabl Sync="TRUE">NETWORK__1</attrlabl><attalias Sync="TRUE">NETWORK__1</attalias><attrtype Sync="TRUE">String</attrtype><attwidth Sync="TRUE">26</attwidth><atprecis Sync="TRUE">0</atprecis><attscale Sync="TRUE">0</attscale></attr><attr><attrlabl Sync="TRUE">RA_NO_1</attrlabl><attalias Sync="TRUE">RA_NO_1</attalias><attrtype Sync="TRUE">String</attrtype><attwidth Sync="TRUE">2</attwidth><atprecis Sync="TRUE">0</atprecis><attscale Sync="TRUE">0</attscale></attr><attr><attrlabl Sync="TRUE">RA_NAME_1</attrlabl><attalias Sync="TRUE">RA_NAME_1</attalias><attrtype Sync="TRUE">String</attrtype><attwidth Sync="TRUE">22</attwidth><atprecis Sync="TRUE">0</atprecis><attscale Sync="TRUE">0</attscale></attr><attr><attrlabl Sync="TRUE">LG_NO_1</attrlabl><attalias Sync="TRUE">LG_NO_1</attalias><attrtype Sync="TRUE">String</attrtype><attwidth Sync="TRUE">3</attwidth><atprecis Sync="TRUE">0</atprecis><attscale Sync="TRUE">0</attscale></attr><attr><attrlabl Sync="TRUE">LG_NAME_1</attrlabl><attalias Sync="TRUE">LG_NAME_1</attalias><attrtype Sync="TRUE">String</attrtype><attwidth Sync="TRUE">24</attwidth><atprecis Sync="TRUE">0</atprecis><attscale Sync="TRUE">0</attscale></attr><attr><attrlabl Sync="TRUE">ROUTE_NE_1</attrlabl><attalias Sync="TRUE">ROUTE_NE_1</attalias><attrtype Sync="TRUE">Integer</attrtype><attwidth Sync="TRUE">10</attwidth><atprecis Sync="TRUE">10</atprecis><attscale Sync="TRUE">0</attscale></attr><attr><attrlabl Sync="TRUE">GEOLOCST_1</attrlabl><attalias Sync="TRUE">GEOLOCST_1</attalias><attrtype Sync="TRUE">Double</attrtype><attwidth Sync="TRUE">19</attwidth><atprecis Sync="TRUE">0</atprecis><attscale Sync="TRUE">0</attscale></attr><attr><attrlabl Sync="TRUE">Shape_Leng</attrlabl><attalias Sync="TRUE">Shape_Leng</attalias><attrtype Sync="TRUE">Double</attrtype><attwidth Sync="TRUE">19</attwidth><atprecis Sync="TRUE">0</atprecis><attscale Sync="TRUE">0</attscale></attr></detailed></eainfo><mdDateSt Sync="TRUE">20240621</mdDateSt></metadata>
